
INSERT INTO `autos_flexi_fly_drives` (`id`, `imagen`, `capacidad_pasajero`, `aire_acondicionado`, `air_baqs`, `puertas`, `motor`, `categoria`, `rentadora`, `reproductor`, `trasnmision`, `tipo`, `created_by`, `created_at`, `updated_at`) VALUES
(1, 'autosflexifly/UYG62byTHCNpo2aw1s88EKOdNydrxcK8ebb4wZNX.png', 4, 'Si', 'Si', 4, '1.6', 'C', 'REX', 'Mp3', 'autom치tica', 'Standard', 'Admin', '2020-08-11 05:40:07', '2020-08-11 05:40:07'),
(2, 'autosflexifly/ZxYfVHSRgfiic4of974jDaC8pbslqFtzq3rLPF1b.jpeg', 5, 'Si', 'Si', 4, '2.0', 'E', 'REX', 'Mp3 \\ SD \\CD', 'autom치tica', 'Premium Plus', 'Admin', '2020-08-11 05:43:54', '2020-08-11 05:43:54'),
(3, 'autosflexifly/6imM8Pd7tWTBshMpdLO5WKT5oUjCMGnGKrgS683u.jpeg', 7, 'Si', 'Si', 3, '2.0', 'H', 'REX', 'Mp3', 'Manual', 'Minivan', 'Admin', '2020-08-11 05:47:45', '2020-08-11 05:47:45'),
(4, 'autosflexifly/kMwsfcrnU2VZIZR5MUYfWxt9nL1UAIV0oKjSA9Dy.jpeg', 4, 'Si', 'Si', 4, '2.4', 'G', 'REX', 'Mp3', 'autom치tica', 'Jeep', 'Admin', '2020-08-11 05:57:36', '2020-08-11 05:57:36'),
(5, 'autosflexifly/J4CHo05ItnSBXZ6JnNwsW2U5R0npocWogOOe4R57.jpeg', 5, 'Si', 'Si', 4, '2.0', 'F+', 'REX', 'Mp3 \\ SD \\CD \\ USB \\Bluetooth', 'autom치tica', 'Lujo Plus', 'Admin', '2020-08-11 06:03:09', '2020-08-11 06:03:09');


INSERT INTO `autos_flexi_fly_drive_traslations` (`id`, `caracteristicas`, `locale`, `created_by`, `created_at`, `updated_at`, `autosdrive_id`) VALUES
(1, 'Mercedes Benz B180', 'es', 'Admin', '2020-08-11 05:40:07', '2020-08-11 05:40:07', 1),
(2, 'Mercedes Benz B180', 'en', 'Admin', '2020-08-11 05:40:07', '2020-08-11 05:40:07', 1),
(3, 'Mercedes Benz B180', 'fr', 'Admin', '2020-08-11 05:40:07', '2020-08-11 05:40:07', 1),
(4, 'Mercedes Benz B180', 'de', 'Admin', '2020-08-11 05:40:07', '2020-08-11 05:40:07', 1),
(5, 'Mercedes Benz B180', 'it', 'Admin', '2020-08-11 05:40:07', '2020-08-11 05:40:07', 1),
(6, 'Mercedes Benz B180', 'pt', 'Admin', '2020-08-11 05:40:08', '2020-08-11 05:40:08', 1),
(7, 'Mercedes Benz c200', 'es', 'Admin', '2020-08-11 05:43:54', '2020-08-11 05:43:54', 2),
(8, 'Mercedes Benz c200', 'en', 'Admin', '2020-08-11 05:43:55', '2020-08-11 05:43:55', 2),
(9, 'Mercedes Benz c200', 'fr', 'Admin', '2020-08-11 05:43:55', '2020-08-11 05:43:55', 2),
(10, 'Mercedes Benz c200', 'de', 'Admin', '2020-08-11 05:43:55', '2020-08-11 05:43:55', 2),
(11, 'Mercedes Benz c200', 'it', 'Admin', '2020-08-11 05:43:55', '2020-08-11 05:43:55', 2),
(12, 'Mercedes Benz c200', 'pt', 'Admin', '2020-08-11 05:43:55', '2020-08-11 05:43:55', 2),
(13, 'Maxus G10', 'es', 'Admin', '2020-08-11 05:47:45', '2020-08-11 05:47:45', 3),
(14, ' Maxus G10\r\n', 'en', 'Admin', '2020-08-11 05:47:45', '2020-08-11 05:47:45', 3),
(15, 'Maxus G10', 'fr', 'Admin', '2020-08-11 05:47:46', '2020-08-11 05:47:46', 3),
(16, 'Maxus G10', 'de', 'Admin', '2020-08-11 05:47:46', '2020-08-11 05:47:46', 3),
(17, 'Maxus G10', 'it', 'Admin', '2020-08-11 05:47:46', '2020-08-11 05:47:46', 3),
(18, 'Maxus G10', 'pt', 'Admin', '2020-08-11 05:47:46', '2020-08-11 05:47:46', 3),
(19, 'Hyundai Sta Fe', 'es', 'Admin', '2020-08-11 05:57:36', '2020-08-11 05:57:36', 4),
(20, 'Hyundai Sta Fe', 'en', 'Admin', '2020-08-11 05:57:36', '2020-08-11 05:57:36', 4),
(21, 'Hyundai Sta Fe', 'fr', 'Admin', '2020-08-11 05:57:36', '2020-08-11 05:57:36', 4),
(22, 'Hyundai Sta Fe', 'de', 'Admin', '2020-08-11 05:57:36', '2020-08-11 05:57:36', 4),
(23, 'Hyundai Sta Fe', 'it', 'Admin', '2020-08-11 05:57:37', '2020-08-11 05:57:37', 4),
(24, 'Hyundai Sta Fe', 'pt', 'Admin', '2020-08-11 05:57:37', '2020-08-11 05:57:37', 4),
(25, 'Mercedes Benz E200', 'es', 'Admin', '2020-08-11 06:03:10', '2020-08-11 06:03:10', 5),
(26, 'Mercedes Benz E200', 'en', 'Admin', '2020-08-11 06:03:10', '2020-08-11 06:03:10', 5),
(27, 'Mercedes Benz E200', 'fr', 'Admin', '2020-08-11 06:03:10', '2020-08-11 06:03:10', 5),
(28, 'Mercedes Benz E200', 'de', 'Admin', '2020-08-11 06:03:10', '2020-08-11 06:03:10', 5),
(29, 'Mercedes Benz E200', 'it', 'Admin', '2020-08-11 06:03:10', '2020-08-11 06:03:10', 5),
(30, 'Mercedes Benz E200', 'pt', 'Admin', '2020-08-11 06:03:10', '2020-08-11 06:03:10', 5);

INSERT INTO `tarifario_f_f_d_s` (`id`, `noches`, `auto_mercedes_benz_b180_1auto_1hab`, `auto_mercedes_benz_b180_1auto_2hab`, `auto_mercedes_benz_c200_1auto_1hab`, `auto_mercedes_benz_c200_1auto_2hab`, `auto_maxus_g10_1auto_1hab`, `auto_maxus_g10_1auto_2hab`, `auto_hyundai_santa_fe_1auto_1hab`, `auto_hyundai_santa_fe_1auto_2hab`, `auto_mercedes_benz_e200_1auto_1hab`, `auto_mercedes_benz_e200_1auto_2hab`, `created_by`, `created_at`, `updated_at`) VALUES
(1, '6', '762', '908', '1144', '1240', '1335', '1407', '1087', '1370', '1462', '1745', 'Admin', '2020-08-11 21:13:13', '2020-08-11 21:13:13'),
(2, '7', '90', '1058', '1332', '1445', '1555', '1639', '1266', '1596', '1704', '2034', 'Admin', '2020-08-11 21:13:13', '2020-08-11 21:13:13'),
(3, '8', '1012', '1208', '1521', '1650', '1775', '1872', '1445', '1823', '1945', '2322', 'Admin', '2020-08-11 21:13:13', '2020-08-11 21:13:13'),
(4, '9', '1137', '1357', '1709', '1855', '1996', '2105', '1625', '2049', '2187', '2611', 'Admin', '2020-08-11 21:13:13', '2020-08-11 21:13:13'),
(5, '10', '1261', '1507', '1898', '2060', '2216', '2337', '1804', '2275', '2428', '2900', 'Admin', '2020-08-11 21:13:13', '2020-08-11 21:13:13'),
(6, '11', '1386', '1657', '2087', '2265', '2437', '2570', '1983', '2502', '2670', '3189', 'Admin', '2020-08-11 21:13:13', '2020-08-11 21:13:13'),
(7, '12', '1511', '1806', '2275', '2470', '2657', '2803', '2162', '2728', '2912', '3478', 'Admin', '2020-08-11 21:13:13', '2020-08-11 21:13:13'),
(8, '13', '1636', '1956', '2464', '2675', '2878', '3035', '2341', '2954', '3153', '3766', 'Admin', '2020-08-11 21:13:13', '2020-08-11 21:13:13'),
(9, '14', '1761', '2106', '2652', '2880', '3098', '3268', '2520', '3180', '3395', '4055', 'Admin', '2020-08-11 21:13:13', '2020-08-11 21:13:13'),
(10, '15', '1886', '2255', '2841', '3085', '3318', '3501', '2700', '3407', '3637', '4344', 'Admin', '2020-08-11 21:13:13', '2020-08-11 21:13:13'),
(11, '16', '2011', '2405', '3030', '3290', '3539', '3733', '2879', '3633', '3878', '4633', 'Admin', '2020-08-11 21:13:13', '2020-08-11 21:13:13'),
(12, '17', '2136', '2555', '3218', '3495', '3759', '3966', '3058', '3859', '4120', '4921', 'Admin', '2020-08-11 21:13:13', '2020-08-11 21:13:13'),
(13, '18', '2261', '2704', '3407', '3700', '3980', '4199', '3237', '4086', '4362', '5210', 'Admin', '2020-08-11 21:13:13', '2020-08-11 21:13:13'),
(14, '19', '2386', '2854', '3595', '3905', '4200', '4431', '3416', '4312', '4603', '5499', 'Admin', '2020-08-11 21:13:13', '2020-08-11 21:13:13'),
(15, '20', '2511', '3003', '3784', '4110', '4421', '4664', '3595', '4538', '4845', '5788', 'Admin', '2020-08-11 21:13:13', '2020-08-11 21:13:13'),
(16, '21', '2636', '3153', '3973', '4315', '4641', '4897', '3775', '4765', '5087', '6077', 'Admin', '2020-08-11 21:13:13', '2020-08-11 21:13:13'),
(17, 'noche adic.', '125', '150', '189', '205', '220', '233', '180', '227', '242', '289', 'Admin', '2020-08-11 21:13:13', '2020-08-11 21:13:13'),
(18, '', '0', '0', '0', '0', '0', '0', '0', '0', '0', '0', 'Admin', '2020-08-11 21:13:13', '2020-08-11 21:13:13');

INSERT INTO `hotels` (`id`, `nombre`, `telefono`, `email`, `dias_antelacion_reserva_id`, `imagen`, `precio_desde`, `oferta_especial`, `estado`, `facilidades_ids`, `created_by`, `created_at`, `updated_at`, `provincia_id`, `plan_alojamiento_id`, `categoria_id`) VALUES
(1, 'Habana Libre', '(+53) 7586-9852', 'habanalibre@gmail.com', 3, 'hoteles/slLzFYMazW5y8PnO5QdMWAENXchtBLct9dVo8xO8.jpeg', 450, 'Activo', 'Activo', '1,2,3,4', 'Admin', '2020-04-25 06:43:01', '2020-04-25 06:43:01', 3, '1,2', 3),
(3, 'Melia Cohiba', '(+53) 7895-6423', 'meliacohiba@gmail.com', 1, 'hoteles/GsuNR9pobzAvIRHUxyL1XPXgAZeRYf81UITLzCYM.jpeg', 521, 'Activo', 'Activo', '3,5,6,9,17', 'Admin', '2020-04-25 07:10:07', '2020-04-27 07:30:56', 3, '1,3', 4),
(4, 'Panorama', '(+53) 7823-5468', 'panorama@gmail.com', 4, 'hoteles/Cbjm72kWcGYJDL4R6OVHij89RI9HCmnAV4MiQSyD.jpeg', 478, 'Activo', 'Activo', '2,3,4,5', 'Admin', '2020-04-25 07:12:48', '2020-04-26 08:22:23', 3, '1,2,3', 5);

--
-- Dumping data for table `hotel_flexy_drives`
--

INSERT INTO `hotel_flexy_drives` (`id`, `hotel_id`, `provincia_id`, `cantidad_habitaciones_dobles`, `created_by`, `created_at`, `updated_at`) VALUES
(1, 1, 3, 10, 'Admin', '2020-08-11 19:33:32', '2020-08-11 19:33:32'),
(2, 3, 3, 15, 'Admin', '2020-08-11 19:33:50', '2020-08-11 19:33:50'),
(3, 4, 3, 20, 'Admin', '2020-08-11 19:34:11', '2020-08-11 19:34:11');

--
-- Dumping data for table `hotel_traslations`
--

INSERT INTO `hotel_traslations` (`id`, `direccion`, `descripcion`, `locale`, `created_by`, `hotel_id`, `created_at`, `updated_at`) VALUES
(1, 'Ave 23 % M y O, Vedado, Plaza de la Revolucion', '<p>asfdas<br></p>', 'es', 'Admin', 1, '2020-04-25 06:43:01', '2020-04-25 06:43:01'),
(2, 'asdfas', '<p>asfsadsa<br></p>', 'en', 'Admin', 1, '2020-04-25 06:43:02', '2020-04-25 06:43:02'),
(3, 'sadfas', '<p>safsa<br></p>', 'fr', 'Admin', 1, '2020-04-25 06:43:02', '2020-04-25 06:43:02'),
(4, 'asfdas', '<p>sadfas<br></p>', 'de', 'Admin', 1, '2020-04-25 06:43:02', '2020-04-25 06:43:02'),
(5, 'asfdas', '<p>asfdsa<br></p>', 'it', 'Admin', 1, '2020-04-25 06:43:02', '2020-04-25 06:43:02'),
(6, 'safdasasd', '<p>safdsafsa<br></p>', 'pt', 'Admin', 1, '2020-04-25 06:43:02', '2020-04-25 06:43:02'),
(13, 'Calle Paseo % 3ra y Malecon', '<p>asdgfsdgds<br></p>', 'es', 'Admin', 3, '2020-04-25 07:10:07', '2020-04-25 07:10:07'),
(14, 'dsfgs', '<p>dsfgsdfg<br></p>', 'en', 'Admin', 3, '2020-04-25 07:10:07', '2020-04-25 07:10:07'),
(15, 'dsgfs', '<p>sdgfsdgf<br></p>', 'fr', 'Admin', 3, '2020-04-25 07:10:07', '2020-04-25 07:10:07'),
(16, 'dsgsd', '<p>sdgsdgfs<br></p>', 'de', 'Admin', 3, '2020-04-25 07:10:07', '2020-04-25 07:10:07'),
(17, 'dgssd', '<p>sdgsgfdsg<br></p>', 'it', 'Admin', 3, '2020-04-25 07:10:07', '2020-04-25 07:10:07'),
(18, 'dsgsd', '<p>sdgfdsgsd<br></p>', 'pt', 'Admin', 3, '2020-04-25 07:10:07', '2020-04-25 07:10:07'),
(19, 'Calle 70 % 1ra y 3ra, Playa', '<p>asdfgdsg<br></p>', 'es', 'Admin', 4, '2020-04-25 07:12:48', '2020-04-25 07:12:48'),
(20, 'dsfgds', '<p>dsfgsdgf<br></p>', 'en', 'Admin', 4, '2020-04-25 07:12:48', '2020-04-25 07:12:48'),
(21, 'dsfgsd', '<p>dfsgdsgf<br></p>', 'fr', 'Admin', 4, '2020-04-25 07:12:48', '2020-04-25 07:12:48'),
(22, 'dsfgdsgf', '<p>dsfgdsgs<br></p>', 'de', 'Admin', 4, '2020-04-25 07:12:48', '2020-04-25 07:12:48'),
(23, 'dsfgds', '<p>dsfgsdgds<br></p>', 'it', 'Admin', 4, '2020-04-25 07:12:48', '2020-04-25 07:12:48'),
(24, 'dsfgsd', '<p>dsfgsdgds<br></p>', 'pt', 'Admin', 4, '2020-04-25 07:12:48', '2020-04-25 07:12:48');
